timestamp,time
1615784334002,16.299356ms
1615787934547,11.120344ms
1615791535091,10.725191ms
1615795135631,10.772986ms
1615798736171,10.388298ms
1615802336715,10.447409ms
1615805937255,11.2265ms
1615809537795,12.946447ms
1615813138335,10.521043ms
1615816738875,10.6896ms
1615820339415,10.345753ms
1615823939955,10.88883ms
1615827540515,10.578289ms
1615831141055,10.470088ms
1615834741600,18.290804ms
1615838342284,10.971292ms
1615841942824,10.80269ms
1615845543363,11.053269ms
1615849143903,10.965536ms
1615852744444,10.78181ms
1615856344984,10.872023ms
1615859945523,10.750048ms
1615863546063,10.799004ms
1615867146603,10.013408ms
1615870747139,10.166819ms
1615874347679,10.726713ms
1615877948220,10.480936ms
1615881548759,11.777274ms
1615885149301,10.205526ms
1615888749839,10.294568ms
1615892350380,10.634449ms
1615895950924,10.139461ms
1615899551480,10.484915ms
1615903152019,10.818326ms
1615906752559,10.373923ms
1615910353115,10.705473ms
1615913953656,10.696901ms
1615917554196,11.396346ms
1615921154736,10.592289ms
1615924755275,11.128373ms
1615928355819,10.614164ms
1615931956359,10.901737ms
1615935556900,10.42961ms
1615939157435,10.770672ms
1615942757975,10.598367ms
1615946358523,10.593733ms
1615949959059,10.576734ms
1615953559600,10.641008ms
1615957160140,9.997581ms
1615960760676,10.148572ms
1615964361216,10.65011ms
1615967961755,9.919698ms
1615971562296,10.156227ms
1615975162839,9.934215ms
1615978763379,10.263777ms
1615982363919,9.931044ms
1615985964460,10.276157ms
1615989565004,10.313136ms
1615993165543,10.439896ms
1615996766083,13.4014ms
1616000366627,10.538401ms
1616003967172,10.635777ms
1616007567716,10.47518ms
1616011168260,10.304206ms
1616014768804,10.696572ms
1616018369348,10.705507ms
1616021969892,10.716105ms
1616025570436,11.009494ms
1616029170984,10.840679ms
1616032771524,10.821455ms
1616036372064,10.680833ms
1616039972604,13.550838ms
1616043573148,10.648478ms
1616047173688,10.391365ms
1616050774228,10.94942ms
1616054374768,10.964715ms
1616057975308,10.666425ms
1616061575848,10.540653ms
1616065176388,10.699286ms
1616068776928,10.65905ms
1616072377467,10.633031ms
1616075978008,13.292068ms
1616079578565,10.644475ms
1616083179108,10.734125ms
1616086779648,10.553257ms
1616090380187,10.801665ms
1616093980728,10.595055ms
1616097581268,10.751992ms
1616101181808,10.365948ms
1616104782348,11.505683ms
1616108382888,10.666971ms
1616111983428,10.608644ms
1616115583968,10.774793ms
1616119184507,16.004634ms
1616122785052,10.451051ms
1616126385596,9.833634ms
1616129986132,10.877708ms
1616133586676,10.321689ms
1616137187216,10.190457ms
1616140787752,10.48742ms
1616144388292,10.331915ms
1616147988832,10.14825ms
1616151589375,10.360312ms
1616155189916,10.422379ms
1616158790456,10.563591ms
1616162390996,10.659309ms
1616165991535,10.87539ms
1616169592076,10.993128ms
1616173192616,10.911982ms
1616176793155,10.955904ms
1616180393696,12.568391ms
1616183994239,10.963011ms
1616187594780,10.648296ms
1616191195320,10.837251ms
1616194795859,10.861081ms
1616198396399,10.84112ms
1616201996940,10.687432ms
1616205597480,10.947695ms
1616209198020,10.633399ms
1616212798560,10.463011ms
1616216399100,10.805866ms
1616219999644,10.562866ms
1616223600184,10.845626ms
1616227200724,10.98267ms
1616230801265,47.568702ms
1616234402070,43.39438ms
1616238002906,117.81274ms
1616241605032,23.346775ms
1616245205850,32.685473ms
1616248806532,11.895604ms
1616252407071,11.20186ms
1616256007612,11.035921ms
1616259608156,11.572583ms
1616263208696,10.713451ms
1616266809235,10.879068ms
1616270409776,11.136142ms
1616274010316,10.73538ms
1616277610860,10.662485ms
1616281211400,10.891855ms
1616284811940,10.86151ms
1616288412480,10.914934ms
1616292013024,10.620691ms
1616295613564,10.893758ms
1616299214103,10.636131ms
1616302814644,10.915936ms
1616306415184,10.788555ms
1616310015732,11.007365ms
1616313616272,10.822827ms
1616317216812,10.665557ms
1616320817352,10.483516ms
1616324417892,10.866367ms
1616328018432,11.272515ms
1616331618972,10.746141ms
1616335219512,10.417025ms
1616338820052,10.773038ms
1616342420592,10.714835ms
1616346021135,10.830923ms
1616349621676,11.093215ms
1616353222216,10.783882ms
1616356822756,11.127913ms
1616360423296,10.642173ms
1616364023836,10.681504ms
1616367624376,10.829184ms
1616371224915,10.831819ms
1616374825456,10.408659ms
1616378425996,11.501781ms
1616382026536,10.545615ms
1616385627092,10.656375ms
1616389227632,10.647871ms
1616392828171,10.84515ms
1616396428712,10.563883ms
1616400029272,10.695009ms
1616403629812,10.478208ms
1616407230356,10.582536ms
1616410830896,10.918221ms
1616414431444,10.673508ms
1616418031984,14.139916ms
1616421632528,10.954465ms
1616425233068,10.79953ms
1616428833608,10.826883ms
1616432434148,10.695067ms
1616436034688,10.788067ms
1616439635228,10.951781ms
1616443235768,10.698173ms
1616446836308,10.554118ms
1616450436848,11.439018ms
1616454037388,13.080138ms
1616457637943,10.442777ms
1616461238484,11.178116ms
1616464839024,10.681717ms
1616468439564,10.708465ms
1616472040116,10.91999ms
1616475640656,10.865445ms
1616479241200,10.685427ms
1616482841740,10.469161ms
1616486442280,11.047202ms
1616490042820,10.540923ms
1616493643360,12.636195ms
1616497243900,10.670137ms
1616500844440,10.856655ms
1616504444980,10.839609ms
1616508045520,10.64613ms
1616511646060,10.511105ms
1616515246600,10.459089ms
1616518847140,10.725708ms
1616522447680,11.161048ms
1616526048220,11.666836ms
1616529648760,10.994691ms
1616533249300,10.955973ms
1616536849840,10.87144ms
1616540450379,10.722461ms
1616544050920,10.888359ms
1616547651460,10.584697ms
1616551252000,11.310543ms
1616554852540,12.665351ms
1616558453084,11.455581ms
1616562053624,10.102848ms
1616565654164,10.429508ms
1616569254704,11.021259ms
1616572855248,10.512319ms
1616576455787,12.635097ms
1616580056328,10.425072ms
1616583656867,10.441599ms
1616587257404,10.553813ms
1616590857948,10.598441ms
1616594458488,10.420044ms
1616598059028,10.875349ms
1616601659572,11.004778ms
1616605260112,10.988879ms
1616608860652,10.736011ms
1616612461192,14.223607ms
1616616061774,18.960281ms
1616619662440,10.821088ms
1616623262980,10.627741ms
1616626863520,10.785863ms
1616630464076,10.778317ms
1616634064616,10.556783ms
1616637665160,10.697273ms
1616641265700,13.2629ms
1616644866275,10.170972ms
1616648466816,10.518905ms
1616652067356,11.287795ms
1616655667896,10.775837ms
1616659268436,10.107749ms
1616662868976,10.340664ms
1616666469516,10.518574ms
1616670070056,10.714024ms
1616673670596,10.488396ms
1616677271136,10.871635ms
1616680871676,10.761178ms
1616684472216,10.508546ms
1616688072756,10.329971ms
1616691673296,10.872643ms
1616695273836,10.650088ms
1616698874376,11.073333ms
1616702474916,10.570963ms
1616706075456,10.687748ms
1616709676000,11.038643ms
1616713276540,12.88671ms
1616716877084,11.971084ms
1616720477625,10.593114ms
1616724078168,10.51517ms
1616727678708,10.697158ms
1616731279248,10.493331ms
1616734879789,10.480969ms
1616738480328,10.244557ms
1616742080868,10.505082ms
1616745681408,9.99542ms
1616749281948,10.044286ms
1616752882488,10.815542ms
1616756483028,10.508588ms
1616760083568,10.907142ms
1616763684108,10.481431ms
1616767284648,10.416315ms
1616770885188,10.949444ms
1616774485728,10.409095ms
1616778086268,10.696718ms
1616781686808,10.35617ms
1616785287348,10.366652ms
1616788887888,10.876608ms
1616792488428,10.660557ms
1616796088968,10.356837ms
1616799689508,10.459104ms
1616803290048,11.070975ms
1616806890588,10.661089ms
1616810491128,10.853791ms
1616814091684,10.543823ms
1616817692224,10.693068ms
1616821292764,10.333746ms
1616824893308,10.457063ms
1616828493848,10.632229ms
1616832094392,10.669549ms
1616835694932,12.886356ms
1616839295492,10.786014ms
1616842896032,10.399076ms
1616846496572,10.688795ms
1616850097120,10.922641ms
1616853697660,10.962476ms
1616857298200,10.430432ms
1616860898740,10.799221ms
1616864499280,10.39334ms
1616868099820,10.987533ms
1616871700360,13.25283ms
1616875300908,10.964096ms
1616878901448,10.984531ms
1616882501988,11.099599ms
1616886102528,10.635131ms
1616889703068,10.754552ms
1616893303608,10.862902ms
1616896904148,10.68421ms
1616900504688,10.489402ms
1616904105228,11.148321ms
1616907705768,10.729772ms
1616911306308,10.56544ms
1616914906848,10.911757ms
1616918507448,10.705306ms
1616922107988,10.774348ms
1616925708528,10.807835ms
1616929309068,10.914151ms
1616932909608,10.694007ms
1616936510148,10.683107ms
1616940110697,10.84465ms
1616943711236,10.675251ms
1616947311788,10.648622ms
1616950912328,10.597795ms
1616954512868,10.479443ms
1616958113408,10.588266ms
1616961713948,10.61389ms
1616965314492,10.61788ms
1616968915032,10.469277ms
1616972515572,10.933624ms
1616976116112,10.939448ms
1616979716652,10.673844ms
1616983317192,10.783429ms
1616986917732,10.896432ms
1616990518272,13.242028ms
1616994118832,11.009989ms
1616997719372,10.423588ms
1617001319912,10.911145ms
1617004920456,10.804893ms
1617008521000,10.835385ms
1617012121541,12.179566ms
1617015722113,40.159407ms
1617019322756,11.056809ms
1617022923296,10.572938ms
1617026523836,10.713516ms
1617030124376,11.299956ms
1617033724916,11.126634ms
1617037325460,10.46582ms
1617040926000,10.778653ms
1617044526540,10.98074ms
1617048127080,10.830349ms
1617051727624,10.556649ms
1617055328164,11.576542ms
1617058928708,10.964958ms
1617062529248,10.463647ms
1617066129788,10.820018ms
1617069730328,10.44524ms
1617073330868,11.302417ms
1617076931408,10.665845ms
1617080531952,10.579998ms
1617084132492,10.645545ms
1617087733032,10.829877ms
1617091333572,10.828147ms
1617094934112,10.29031ms
1617098534652,10.389748ms
1617102135192,10.476071ms
1617105735732,10.855247ms
1617109336272,10.570965ms
1617112936812,10.61944ms
1617116537352,10.966626ms
1617120137892,10.768336ms
1617123738436,10.725137ms
1617127338976,12.638637ms
1617130939520,10.955659ms
1617134540060,10.787895ms
1617138140600,11.083078ms
1617141741140,11.2238ms
1617145341680,10.822184ms
1617148942224,10.385517ms
1617152542764,10.636135ms
1617156143304,10.693723ms
1617159743844,11.503758ms
1617163344392,10.895171ms
1617166944936,10.639114ms
1617170545492,10.492609ms
1617174146032,10.450055ms
1617177746588,11.052894ms
1617181347140,10.796649ms
1617184947692,10.594135ms
1617188548248,10.842866ms
1617192148808,12.868009ms
1617195749384,10.605879ms
1617199349940,11.014933ms
1617202950492,10.785626ms
1617206551044,10.456916ms
1617210151604,11.50259ms
1617213752156,10.569381ms
1617217352712,10.753282ms
1617220953264,10.480577ms
1617224553816,10.935986ms
1617228154372,11.10753ms
1617231754928,10.459111ms
1617235355476,10.488767ms
1617238956024,11.60993ms
1617242556572,10.766177ms
1617246157120,10.369591ms
1617249757668,10.735971ms
1617253358216,10.65474ms
1617256958764,10.839408ms
1617260559312,10.648269ms
1617264159859,10.625542ms
1617267760408,10.596253ms
1617271360956,10.722022ms
1617274961504,10.507406ms
1617278562052,10.50252ms
1617282162600,10.421895ms
1617285763144,11.282466ms
1617289363692,14.100056ms
1617292964244,11.214003ms
1617296564812,10.597091ms
1617300165352,10.414616ms
1617303765892,10.447932ms
1617307366432,10.954006ms
1617310966972,10.685704ms
1617314567516,10.702707ms
1617318168056,10.672951ms
1617321768596,10.89233ms
1617325369136,10.505782ms
1617328969676,10.59877ms
1617332570216,10.763449ms
1617336170756,11.260772ms
1617339771296,10.046461ms
1617343371836,11.334568ms
1617346972376,14.494193ms
1617350572924,10.50886ms
1617354173464,10.297643ms
1617357774012,10.605639ms
1617361374556,9.974581ms
1617364975092,10.950852ms
1617368575632,10.931357ms
1617372176172,10.909736ms
1617375776720,10.715085ms
1617379377260,11.13322ms
1617382977804,10.683928ms
1617386578344,10.75355ms
1617390178884,10.895211ms
1617393779428,10.908325ms
1617397379968,10.566942ms
1617400980524,10.730794ms
1617404581064,10.374174ms
1617408181608,11.093877ms
1617411782233,25.876516ms
1617415382876,11.0274ms
1617418983424,10.83607ms
1617422583964,11.220222ms
1617426184508,10.512711ms
1617429785048,10.434093ms
1617433385588,10.945033ms
1617436986128,10.682218ms
1617440586672,10.445283ms
1617444187212,11.27674ms
1617447787752,10.632048ms
1617451388296,10.503307ms
1617454988836,10.419381ms
1617458589380,10.889364ms
1617462189924,11.620508ms
1617465790468,10.536378ms
1617469391008,10.853462ms
1617472991548,10.794352ms
1617476592092,11.351117ms
1617480192636,11.282347ms
1617483793180,10.695088ms
1617487393720,10.995536ms
1617490994260,10.587114ms
1617494594804,10.485337ms
1617498195348,10.982966ms
1617501795892,11.668674ms
1617505396436,10.987429ms
1617508996980,10.845041ms
1617512597520,10.895176ms
1617516198064,10.93531ms
1617519798604,11.017904ms
1617523399144,10.898426ms
1617526999684,11.291768ms
1617530600248,10.436874ms
1617534200788,10.919188ms
1617537801328,10.936424ms
1617541401868,10.478635ms
1617545002408,11.122247ms
1617548602948,10.816414ms
1617552203488,10.899906ms
1617555804032,10.55696ms
1617559404572,10.723457ms
1617563005112,10.915953ms
1617566605656,11.932652ms
1617570206200,10.798658ms
1617573806740,10.803563ms
1617577407280,10.49359ms
1617581007824,10.636837ms
1617584608364,10.860828ms
1617588208904,10.783981ms
1617591809448,10.518573ms
1617595409988,10.749559ms
1617599010528,10.811251ms
1617602611068,10.803572ms
1617606211608,10.95328ms
1617609812152,10.732923ms
1617613412692,10.897228ms
1617617013232,10.339712ms
1617620613772,11.123011ms
1617624214312,10.63428ms
1617627814852,11.147245ms
1617631415392,10.601067ms
1617635015952,10.668839ms
1617638616492,10.536507ms
1617642217032,10.885006ms
1617645817576,13.824501ms
1617649418124,10.614576ms
1617653018664,10.958522ms
1617656619208,10.537405ms
1617660219748,10.788896ms
1617663820288,10.457425ms
1617667420828,10.628434ms
1617671021368,10.605927ms
1617674621908,10.727387ms
1617678222448,10.359965ms
1617681822988,10.597893ms
1617685423528,9.962085ms
1617689024068,10.091145ms
1617692624608,10.754203ms
1617696225152,10.387875ms
1617699825692,10.402889ms
1617703426232,12.660546ms
1617707026780,10.40541ms
1617710627320,10.4867ms
1617714227860,10.091876ms
1617717828400,11.025397ms
1617721428940,10.584226ms
1617725029480,10.822514ms
1617728630020,10.697231ms
1617732230560,10.606507ms
1617735831100,11.153139ms
1617739431644,10.75877ms
1617743032192,10.741531ms
1617746632736,10.942005ms
1617750233284,10.561709ms
1617753833828,10.423459ms
1617757434376,10.511994ms
1617761034916,10.550051ms
1617764635456,10.819436ms
1617768235996,10.697352ms
1617771836536,10.734493ms
1617775437076,10.780785ms
1617779037620,10.733479ms
1617782638160,10.661033ms
1617786238700,10.816276ms
1617789839240,10.903811ms
1617793439780,10.773931ms
1617797040320,10.81958ms
1617800640864,10.988964ms
1617804241404,11.230369ms
1617807841953,63.363687ms
1617811442614,11.691091ms
1617815043156,11.37148ms
1617818643704,10.920484ms
1617822244248,11.00443ms
1617825844796,11.905136ms
1617829445360,10.975866ms
1617833045908,10.812599ms
1617836646453,10.735335ms
1617840247004,10.868879ms
1617843847544,11.460616ms
1617847448088,10.969076ms
1617851048628,10.672774ms
1617854649172,11.033736ms
1617858249716,10.298994ms
1617861850260,10.408939ms
1617865450804,11.276117ms
1617869051348,11.049597ms
1617872651892,10.833392ms
1617876252436,11.082895ms
1617879852980,10.219965ms
1617883453524,10.470449ms
1617887054068,10.433018ms
1617890654612,10.802258ms
1617894255156,10.565021ms
1617897855700,10.73823ms
1617901456240,11.533653ms
1617905056784,11.04551ms
1617908657328,10.918889ms
1617912257868,10.423326ms
1617915858408,11.052343ms
1617919458948,10.474213ms
1617923059488,10.787733ms
1617926660028,12.313387ms
1617930260572,10.752139ms
1617933861116,10.68783ms
1617937461660,10.656385ms
1617941062200,12.702593ms
1617944662740,10.564314ms
1617948263284,10.72785ms
1617951863828,10.412262ms
1617955464368,10.051581ms
1617959064908,10.307991ms
1617962665448,10.355803ms
1617966265988,9.878682ms
1617969866528,10.491873ms
1617973467068,10.778504ms
1617977067608,10.850281ms
1617980668148,10.583816ms
1617984268688,10.849799ms
1617987869228,11.386628ms
1617991469768,10.730293ms
1617995070308,10.529422ms
1617998670852,11.166861ms
1618002271396,11.33769ms
1618005871940,10.562233ms
1618009472480,10.938113ms
1618013073020,10.954294ms
1618016673560,10.794659ms
1618020274100,10.707343ms
1618023874640,10.844227ms
1618027475184,11.380575ms
1618031075724,10.733506ms
1618034676264,10.902948ms
1618038276804,10.607699ms
1618041877344,10.729986ms
1618045477884,10.862386ms
1618049078428,10.895552ms
1618052678968,10.717635ms
1618056279512,11.356854ms
1618059880056,11.420033ms
1618063480600,11.098283ms
1618067081140,10.604189ms
1618070681680,10.816776ms
1618074282224,10.842667ms
1618077882768,10.571308ms
1618081483308,10.920242ms
1618085083856,10.741259ms
1618088684396,10.891258ms
1618092284936,10.776883ms
1618095885480,11.221001ms
1618099486028,11.191378ms
1618103086572,11.084204ms
1618106687116,10.63506ms
1618110287656,10.65903ms
1618113888200,12.184913ms
1618117488744,10.98122ms
1618121089284,10.71306ms
1618124689828,11.044664ms
1618128290368,10.819522ms
1618131890908,15.715645ms
1618135491456,10.70663ms
1618139092000,10.799829ms
1618142692544,10.643539ms
1618146293084,10.595931ms
1618149893624,10.824062ms
1618153494164,10.803467ms
1618157094708,11.035931ms
1618160695248,10.669069ms
1618164295792,10.719883ms
1618167896332,10.702574ms
1618171496872,10.848527ms
1618175097412,10.653869ms
1618178697956,10.574303ms
1618182298500,10.937453ms
1618185899040,10.747369ms
1618189499580,10.71056ms
1618193100120,10.678889ms
1618196700664,10.747331ms
1618200301204,11.282455ms
1618203901781,20.942155ms
1618207502558,20.772091ms
1618211103218,11.581875ms
1618214703764,10.868286ms
1618218304308,10.770058ms
1618221904848,10.720081ms
1618225505392,12.556546ms
1618229105936,10.833785ms
1618232706480,10.892432ms
1618236307024,16.30938ms
1618239907572,12.051656ms
1618243508116,11.100071ms
1618247108660,10.654147ms
1618250709200,10.779617ms
1618254309744,10.893227ms
1618257910284,10.954529ms
1618261510828,10.876877ms
1618265111368,11.018019ms
1618268711908,10.763385ms
1618272312452,10.989544ms
1618275912992,10.900483ms
1618279513536,11.722067ms
1618283114080,12.171788ms
1618286714624,10.687102ms
1618290315164,10.653739ms
1618293915704,10.979062ms
1618297516248,10.895915ms
1618301116804,10.810523ms
1618304717348,10.890408ms
1618308317892,10.586426ms
1618311918432,10.744221ms
1618315518972,10.762013ms
1618319119512,10.415557ms
1618322720056,10.685952ms
1618326320596,10.719796ms
1618329921140,10.527426ms
1618333521688,10.915623ms
1618337122236,10.833842ms
1618340722784,10.704489ms
1618344323332,10.587813ms
1618347923880,10.796315ms
1618351524428,10.819253ms
1618355124972,10.73745ms
1618358725516,11.012683ms
1618362326060,10.555539ms
1618365926604,13.341703ms
1618369527152,10.775169ms
1618373127700,11.369952ms
1618376728248,10.723459ms
1618380328792,10.624885ms
1618383929340,10.573116ms
1618387529888,10.70533ms
1618391130436,10.832403ms
1618394730984,10.858277ms
1618398331536,10.572853ms
1618401932084,10.62237ms
1618405532632,10.666726ms
1618409133180,10.524998ms
1618412733728,10.877824ms
1618416334276,10.559763ms
1618419934820,10.648992ms
1618423535368,11.388197ms
1618427135920,10.600731ms
1618430736464,10.822988ms
1618434337004,10.687846ms
1618437937544,11.340041ms
1618441538088,10.68663ms
1618445138628,14.681702ms
1618448739172,11.082095ms
1618452339712,10.711713ms
1618455940252,10.816585ms
1618459540792,10.664896ms
1618463141332,10.555103ms
1618466741872,10.750858ms
1618470342412,11.163462ms
1618473942956,10.502678ms
1618477543500,10.880709ms
1618481144040,10.46879ms
1618484744580,10.709842ms
1618488345124,10.598367ms
1618491945668,10.469927ms
1618495546208,10.568858ms
1618499146748,11.388588ms
1618502747292,10.682666ms
1618506347832,10.845235ms
1618509948376,13.174043ms
1618513548924,10.975692ms
1618517149464,10.826853ms
1618520750004,11.049432ms
1618524350548,11.061978ms
1618527951088,10.573445ms
1618531551628,10.806441ms
1618535152172,11.550112ms
1618538752716,10.691503ms
1618542353256,10.590211ms
1618545953800,10.8795ms
1618549554340,10.994539ms
1618553154880,10.762004ms
1618556755420,10.62853ms
1618560355960,11.485826ms
1618563956500,10.86624ms
1618567557040,11.005062ms
1618571157580,10.786406ms
1618574758120,10.862673ms
1618578358660,10.819213ms
1618581959200,10.702319ms
1618585559740,10.785825ms
1618589160296,10.679532ms
1618592760836,10.91792ms
1618596361381,22.856948ms
1618599962189,33.036402ms
1618603562832,11.214325ms
1618607163372,12.15854ms
1618610763916,11.829023ms
1618614364456,10.913513ms
1618617964996,42.846227ms
1618621565588,10.785394ms
1618625166132,10.609411ms
1618628766676,10.886736ms
1618632367224,11.052562ms
1618635967768,10.750751ms
1618639568308,12.290118ms
1618643168852,12.111266ms
1618646769396,10.945592ms
1618650369940,11.133091ms
1618653970480,10.740488ms
1618657571024,10.79974ms
1618661171564,10.872152ms
1618664772108,11.833578ms
1618668372652,10.955567ms
1618671973192,10.831518ms
1618675573736,11.101387ms
1618679174284,11.62068ms
1618682774824,10.899573ms
1618686375364,10.774951ms
1618689975904,10.785213ms
1618693576444,12.027925ms
1618697176988,10.988136ms
1618700777532,10.655591ms
1618704378072,11.949856ms
1618707978616,10.60663ms
1618711579160,10.936638ms
1618715179704,10.641169ms
1618718780244,10.671477ms
1618722380788,10.529358ms
1618725981332,10.78226ms
1618729581872,10.810229ms
1618733182412,10.913777ms
1618736782952,11.025794ms
1618740383496,10.804311ms
1618743984040,10.526679ms
1618747584584,10.657708ms
1618751185124,10.649601ms
1618754785684,10.765656ms
1618758386232,10.720271ms
1618761986776,10.528147ms
1618765587320,13.736393ms
1618769187865,10.680065ms
1618772788408,11.015143ms
1618776388968,10.781293ms
1618779989512,10.417798ms
1618783590068,10.764319ms
1618787190608,10.772903ms
1618790791152,11.719479ms
1618794391700,10.925892ms
1618797992244,10.482654ms
1618801592788,11.052027ms
1618805193328,10.989362ms
1618808793868,11.483442ms
1618812394430,11.183065ms
1618815994972,10.642078ms
1618819595512,11.040269ms
1618823196056,10.831197ms
1618826796596,11.00403ms
1618830397140,10.884411ms
1618833997700,10.648502ms
1618837598244,10.573565ms
1618841198785,10.825278ms
1618844799328,10.478329ms
1618848399888,10.811222ms
1618852000428,10.506266ms
1618855600972,10.63319ms
1618859201516,10.772879ms
1618862802056,10.535841ms
1618866402600,10.843566ms
1618870003140,10.516438ms
1618873603684,10.397885ms
1618877204216,10.714982ms
1618880804764,10.758297ms
1618884405312,11.002453ms
1618888005860,10.819605ms
1618891606408,11.140083ms
1618895206956,10.706251ms
1618898807504,10.935631ms
1618902408056,10.876572ms
1618906008608,10.643581ms
1618909609160,11.043231ms
1618913209709,10.84303ms
1618916810260,10.865282ms
1618920410808,11.022665ms
1618924011356,10.860009ms
1618927611904,10.747036ms
1618931212456,13.30607ms
1618934813005,10.616269ms
1618938413552,10.769129ms
1618942014100,11.030813ms
1618945614648,10.949567ms
1618949215196,10.72203ms
1618952815744,10.700427ms
1618956416292,10.75779ms
1618960016840,11.054596ms
1618963617388,11.382564ms
1618967217936,12.136994ms
1618970818488,10.834519ms
1618974419036,11.079847ms
1618978019584,10.73441ms
1618981620132,11.219999ms
1618985220680,10.694458ms
1618988821228,10.977655ms
1618992421829,12.851471ms
1618996022388,11.174277ms
1618999622941,11.569664ms
1619003223488,11.008921ms
1619006824036,11.144695ms
1619010424584,10.757893ms
1619014025132,10.739879ms
1619017625680,11.05048ms
1619021226228,10.894764ms
1619024826776,10.850292ms
1619028427324,11.679221ms
1619032027876,11.097065ms
1619035628420,11.185774ms
1619039228968,10.894243ms
1619042829516,11.253975ms
1619046430068,11.161557ms
1619050030616,10.884585ms
1619053631164,10.835396ms
1619057231712,11.330891ms
1619060832260,10.803281ms
1619064432808,10.409676ms
1619068033356,10.169267ms
1619071633904,10.490664ms
1619075234448,11.103206ms
1619078834996,11.047436ms
1619082435544,11.049622ms
1619086036092,10.714862ms
1619089636636,10.441868ms
1619093237180,10.493542ms
1619096837724,11.08434ms
1619100438276,10.903267ms
1619104038824,10.917964ms
1619107639372,11.139814ms
1619111239920,11.246751ms
1619114840469,11.242505ms
1619118441020,11.078196ms
1619122041568,10.870882ms
1619125642117,10.742491ms
1619129242660,11.066688ms
1619132843212,10.87105ms
1619136443760,11.584647ms
1619140044312,11.639275ms
1619143644864,11.118839ms
1619147245412,10.755428ms
1619150845960,11.302139ms
1619154446508,11.064563ms
1619158047056,10.701819ms
1619161647604,10.426131ms
1619165248152,10.760465ms
1619168848700,10.694853ms
1619172449248,10.887879ms
1619176049796,11.620992ms
1619179650348,10.710357ms
1619183250896,10.898779ms
1619186851440,10.949443ms
1619190451992,11.284674ms
1619194052540,11.749009ms
1619197653088,10.876324ms
1619201253636,10.967157ms
1619204854188,11.291653ms
1619208454740,10.905748ms
1619212055288,13.719447ms
1619215655841,10.88264ms
1619219256384,10.982619ms
1619222856928,11.263513ms
1619226457480,10.659979ms
1619230058024,11.012078ms
1619233658572,11.17462ms
1619237259124,11.253501ms
1619240859672,10.672114ms
1619244460220,10.926345ms
1619248060768,10.78168ms
1619251661316,10.643752ms
1619255261864,10.741468ms
1619258862412,10.530707ms
1619262462960,10.749043ms
1619266063504,11.165526ms
1619269664052,10.892106ms
1619273264600,10.898789ms
1619276865148,10.661581ms
1619280465696,10.827035ms
1619284066244,10.949174ms
1619287666792,12.486102ms
1619291267344,10.737661ms
1619294867892,10.751466ms
1619298468436,11.243072ms
1619302068988,11.699522ms
1619305669536,10.896236ms
1619309270084,10.800299ms
1619312870632,10.947286ms
1619316471180,10.934012ms
1619320071728,11.354024ms
1619323672276,11.16816ms
1619327272824,11.101398ms
1619330873372,11.31261ms
1619334473920,10.754756ms
1619338074468,10.771002ms
1619341675016,10.54974ms
1619345275564,10.758263ms
1619348876108,11.097448ms
1619352476660,10.823872ms
1619356077216,11.130354ms
1619359677764,10.797529ms
1619363278312,10.619837ms
1619366878860,10.642479ms
1619370479412,10.949224ms
1619374079964,10.65404ms
1619377680584,10.736318ms
1619381281136,11.107205ms
1619384881720,14.08035ms
1619388482328,11.414593ms
1619392082884,11.27747ms
1619395683440,11.286572ms
1619399283996,10.924653ms
1619402884548,10.986597ms
1619406485100,11.029062ms
1619410085648,11.139958ms
1619413686196,10.932041ms
1619417286744,10.937516ms
1619420887296,11.684491ms
1619424487844,11.005879ms
1619428088392,10.877181ms
1619431688940,10.964189ms
1619435289488,11.188383ms
1619438890036,11.069529ms
1619442490584,10.865566ms
1619446091132,10.831482ms
1619449691680,10.804118ms
1619453292224,10.811185ms
1619456892772,11.222099ms
1619460493320,10.975497ms
1619464093868,10.885675ms
1619467694416,10.849033ms
1619471294964,11.118283ms
1619474895512,10.986939ms
1619478496060,10.484352ms
1619482096604,11.241664ms
1619485697152,10.834062ms
1619489297700,10.819837ms
1619492898248,10.690453ms
1619496498796,11.07598ms
1619500099344,11.094654ms
1619503699892,10.694596ms
1619507300440,10.936829ms
1619510900988,10.564591ms
1619514501536,10.926765ms
1619518102084,10.251709ms
1619521702632,10.710651ms
1619525303180,10.181664ms
1619528903724,10.929012ms
1619532504272,10.72829ms
1619536104824,10.93421ms
1619539705372,10.625075ms
1619543305920,10.898534ms
1619546906468,10.807584ms
1619550507016,10.767945ms
1619554107564,10.917287ms
1619557708112,11.147762ms
1619561308660,11.404759ms
1619564909212,11.495247ms
1619568509761,10.932375ms
1619572110308,11.053546ms
1619575710856,10.652706ms
1619579311404,10.877132ms
1619582911952,11.022464ms
1619586512496,11.194773ms
1619590113044,10.690746ms
1619593713592,11.039002ms
1619597314144,11.388094ms
1619600914692,10.97477ms
1619604515244,10.861118ms
1619608115792,11.791261ms
1619611716340,14.069294ms
1619615316892,11.109994ms
1619618917440,11.151782ms
1619622517988,11.518137ms
1619626118532,10.925795ms
1619629719080,10.997593ms
1619633319628,10.826699ms
1619636920180,10.994129ms
1619640520728,11.281141ms
1619644121276,11.105375ms
1619647721824,10.897324ms
1619651322372,10.869453ms
1619654922920,10.668513ms
1619658523468,10.623572ms
1619662124016,10.77449ms
1619665724560,10.828561ms
1619669325109,10.262399ms
1619672925656,10.502204ms
1619676526204,11.032298ms
1619680126752,10.697345ms
1619683727300,10.60942ms
1619687327848,10.794971ms
1619690928396,10.370715ms
1619694528944,10.429591ms
1619698129492,10.472677ms
1619701730040,10.903211ms
1619705330588,10.929372ms
1619708931136,11.510952ms
1619712531688,10.666052ms
1619716132236,10.892539ms
1619719732784,10.758539ms
1619723333340,11.089654ms
1619726933892,11.039488ms
1619730534444,11.039542ms
1619734135000,11.52163ms
1619737735556,10.694021ms
1619741336108,10.719705ms
1619744936656,11.287461ms
1619748537204,10.76695ms
1619752137752,10.740451ms
1619755738300,10.433879ms
1619759338848,10.901634ms
1619762939396,10.389412ms
1619766539944,10.361633ms
1619770140588,11.385205ms
1619773741136,11.454945ms
1619777341696,51.145205ms
1619780942486,16.497314ms
1619784543069,12.7095ms
1619788143620,10.830793ms
1619791744168,11.156527ms
1619795344716,11.062722ms
1619798945264,10.669429ms
1619802545812,10.6789ms
1619806146360,11.0805ms
1619809746908,10.76939ms
1619813347456,21.22249ms
1619816948016,11.023878ms
1619820548568,12.33588ms
1619824149120,10.869061ms
1619827749668,11.081852ms
1619831350216,11.147069ms
1619834950764,11.048619ms
1619838551316,10.943092ms
1619842151868,11.637953ms
1619845752416,11.21436ms
1619849352964,10.71882ms
1619852953516,11.577408ms
1619856554064,11.311651ms
1619860154616,11.373927ms
1619863755164,10.862917ms
1619867355712,10.576854ms
1619870956260,11.049306ms
1619874556808,11.10429ms
1619878157356,10.874612ms
1619881757904,11.750652ms
1619885358452,11.078266ms
1619888959000,11.295423ms
1619892559548,10.790355ms
1619896160096,11.284035ms
1619899760648,11.133884ms
1619903361196,11.15746ms
1619906961744,10.899628ms
1619910562292,10.760034ms
1619914162840,10.804503ms
1619917763388,11.163156ms
1619921363936,11.370214ms
1619924964488,10.987491ms
1619928565040,10.883929ms
1619932165588,11.034985ms
1619935766136,10.844467ms
1619939366684,11.011934ms
1619942967236,10.590704ms
1619946567784,10.668859ms
1619950168332,10.869929ms
1619953768880,10.660614ms
1619957369424,11.535443ms
1619960969972,10.874226ms
1619964570520,11.038191ms
1619968171068,10.656334ms
1619971771616,11.240199ms
1619975372168,10.600306ms
1619978972716,11.111639ms
1619982573264,10.976683ms
1619986173816,11.107874ms
1619989774364,10.811178ms
1619993374912,10.641242ms
1619996975460,11.171813ms
1620000576008,10.747125ms
1620004176556,10.980978ms
1620007777100,10.706885ms
1620011377648,11.062785ms
1620014978196,11.202313ms
1620018578744,10.720932ms
1620022179292,10.830135ms
1620025779840,10.98174ms
1620029380396,10.964126ms
1620032980944,10.671052ms
1620036581492,10.766761ms
1620040182040,11.006702ms
1620043782589,11.013267ms
1620047383140,10.615753ms
1620050983688,12.171445ms
1620054584240,10.913308ms
1620058184788,10.877571ms
1620061785337,10.889602ms
1620065385884,10.975044ms
1620068986432,11.092382ms
1620072586980,10.850634ms
1620076187528,11.573734ms
1620079788080,10.822279ms
1620083388632,10.948559ms
1620086989180,10.929869ms
1620090589728,11.900453ms
1620094190280,11.032216ms
1620097790828,10.946944ms
1620101391376,11.095802ms
1620104991924,10.801773ms
1620108592472,11.071267ms
1620112193020,10.625366ms
1620115793568,10.962878ms
1620119394116,11.239941ms
1620122994664,10.973367ms
1620126595212,10.750111ms
1620130195760,10.627473ms
1620133796308,11.307265ms
1620137396856,10.80957ms
1620140997404,11.120844ms
1620144597956,10.737448ms
1620148198504,11.117519ms
1620151799052,10.881669ms
1620155399600,10.840423ms
1620159000152,12.238359ms
1620162600704,10.614463ms
1620166201261,13.123584ms
1620169802029,129.831683ms
1620173403117,54.724799ms
1620177003977,11.1878ms
1620180604528,10.777736ms
1620184205076,10.941872ms
1620187805624,11.193985ms
1620191406176,10.970513ms
1620195006724,10.942887ms
1620198607272,11.04627ms
1620202207820,10.879122ms
1620205808368,11.020231ms
1620209408916,11.083937ms
1620213009464,11.311903ms
1620216610016,10.856107ms
1620220210568,10.977135ms
1620223811116,10.824283ms
1620227411668,11.044575ms
1620231012220,10.970818ms
1620234612768,10.950325ms
1620238213316,11.108667ms
1620241813868,11.738308ms
1620245414420,10.895334ms
1620249014972,13.973757ms
1620252615524,10.985003ms
1620256216072,11.420504ms
1620259816620,10.982501ms
1620263417168,10.667193ms
1620267017716,11.228365ms
1620270618264,11.186335ms
1620274218812,10.355639ms
1620277819360,10.395021ms
1620281419908,10.567058ms
1620285020456,10.625265ms
1620288621008,10.976919ms
1620292221556,10.500018ms
1620295822100,10.988007ms
1620299422648,10.717039ms
1620303023196,10.810562ms
1620306623744,10.828419ms
1620310224296,10.893761ms
1620313824844,11.095423ms
1620317425388,10.752985ms
1620321025936,10.773122ms
1620324626484,10.756124ms
1620328227032,10.825774ms
1620331827588,10.884126ms
1620335428136,11.269084ms
1620339028684,10.880929ms
1620342629232,10.794167ms
1620346229780,11.318388ms
1620349830328,11.88409ms
1620353430880,10.497754ms
1620357031428,10.630402ms
1620360631972,11.235988ms
1620364232520,10.32481ms
1620367833068,10.683733ms
1620371433616,10.780111ms
1620375034164,10.44056ms
1620378634716,10.606135ms
1620382235264,11.069009ms
1620385835816,10.873274ms
1620389436364,10.930842ms
1620393036912,11.008322ms
1620396637460,10.968449ms
1620400238012,11.080654ms
1620403838564,11.292969ms
1620407439112,11.001869ms
1620411039660,11.151152ms
1620414640208,10.838598ms
1620418240756,11.046371ms
1620421841304,11.123003ms
1620425441852,11.003547ms
1620429042400,10.690247ms
1620432642948,10.94925ms
1620436243496,11.579894ms
1620439844044,11.090382ms
1620443444592,12.194158ms
1620447045144,11.507506ms
1620450645692,10.769104ms
1620454246244,10.986159ms
1620457846792,10.604917ms
1620461447340,10.762226ms
1620465047888,10.562039ms
1620468648436,10.738386ms
1620472248984,10.804884ms
1620475849532,11.003726ms
1620479450084,11.407316ms
1620483050632,10.907174ms
1620486651180,10.946314ms
1620490251728,11.046866ms
1620493852276,10.890102ms
1620497452824,10.701154ms
1620501053372,10.998008ms
1620504653920,11.198098ms
1620508254468,11.177924ms
1620511855016,11.944297ms
1620515455568,11.081325ms
1620519056116,10.987103ms
1620522656664,10.994098ms
1620526257212,10.493331ms
1620529857760,10.816445ms
1620533458308,10.9469ms
1620537058860,11.413155ms
1620540659408,10.791594ms
1620544259957,10.947114ms
1620547860544,11.578597ms
1620551461097,11.297114ms
1620555061649,11.761416ms
1620558662205,11.17713ms
1620562262756,10.944965ms
1620565863305,10.945132ms
1620569463852,10.932936ms
1620573064400,11.677692ms
1620576664952,10.815394ms
1620580265500,11.039871ms
1620583866048,11.123834ms
1620587466600,10.952213ms
1620591067148,11.06663ms
1620594667696,11.106691ms
1620598268244,11.120623ms
1620601868796,11.177394ms
1620605469348,11.086032ms
1620609069900,11.529452ms
1620612670448,11.458858ms
1620616271000,11.634972ms
1620619871553,10.878696ms
1620623472100,10.987797ms
1620627072648,10.739844ms
1620630673196,11.193836ms
1620634273748,10.889276ms
1620637874296,10.848999ms
1620641474844,10.95224ms
1620645075392,11.529532ms
1620648675944,10.979391ms
1620652276492,11.453223ms
1620655877044,10.612923ms
1620659477592,10.748114ms
1620663078140,10.737935ms
1620666678689,11.552239ms
1620670279236,10.986465ms
1620673879784,10.850273ms
1620677480332,10.77369ms
1620681080880,11.653902ms
1620684681432,11.084618ms
1620688281976,11.257827ms
1620691882524,11.031537ms
1620695483076,10.864866ms
1620699083624,10.695274ms
1620702684172,10.859771ms
1620706284720,11.529977ms
1620709885268,10.829987ms
1620713485816,10.487792ms
1620717086364,11.188101ms
1620720686912,10.977624ms
1620724287460,10.9661ms
1620727888008,11.040533ms
1620731488556,10.748183ms
1620735089104,11.001716ms
1620738689652,11.089074ms
1620742290204,10.860915ms
1620745890752,10.800804ms
1620749491300,11.086105ms
1620753091848,11.294373ms
1620756692396,10.978484ms
1620760292944,11.15695ms
1620763893493,11.08908ms
1620767494044,11.295972ms
1620771094596,11.371343ms
1620774695149,11.502408ms
1620778295700,10.989324ms
1620781896248,11.275274ms
1620785496796,11.233211ms
1620789097344,10.527238ms
1620792697892,10.824782ms
1620796298440,10.395465ms
1620799898988,10.667334ms
1620803499540,11.199034ms
1620807100088,11.237915ms
1620810700636,10.97089ms
1620814301184,10.754541ms
1620817901732,10.850919ms
1620821502280,10.770876ms
1620825102828,11.154759ms
1620828703376,10.948803ms
1620832303924,10.822404ms
1620835904472,11.245779ms
1620839505024,11.270889ms
1620843105572,11.269767ms
1620846706124,11.34489ms
1620850306672,10.823667ms
1620853907220,12.245892ms
1620857507772,10.777987ms
1620861108320,10.743416ms
1620864708864,10.854147ms
1620868309415,10.943522ms
1620871909964,11.178818ms
1620875510512,10.706121ms
1620879111060,10.741623ms
1620882711604,10.78748ms
1620886312152,10.856074ms
1620889912700,10.985997ms
1620893513248,10.341383ms
1620897113796,10.59344ms
1620900714344,10.7936ms
1620904314892,10.360334ms
1620907915440,10.843756ms
1620911515988,10.664607ms
1620915116532,10.974761ms
1620918717084,10.855599ms
1620922317628,10.995734ms
1620925918176,10.693032ms
1620929518724,10.682484ms
1620933119272,11.07044ms
1620936719816,11.016743ms
1620940320364,11.086308ms
1620943920912,10.726137ms
1620947521461,11.309337ms
1620951122027,11.459723ms
1620954722580,11.90871ms
1620958323128,11.159268ms
1620961923680,10.627978ms
1620965524232,10.818727ms
1620969124776,12.124626ms
1620972725328,10.593748ms
1620976325872,11.144824ms
1620979926420,10.705266ms
1620983526964,11.119105ms
1620987127508,11.478274ms
1620990728060,10.976951ms
1620994328608,10.857333ms
1620997929156,11.174991ms
1621001529704,11.114724ms
1621005130252,10.764625ms
1621008730804,10.718247ms
1621012331352,11.110674ms
1621015931908,10.933591ms
1621019532460,11.001094ms
1621023133008,10.942252ms
1621026733556,10.965734ms
1621030334108,11.198541ms
1621033934656,10.824503ms
1621037535204,10.993552ms
1621041135756,11.258283ms
1621044736304,11.065569ms
1621048336852,11.081479ms
1621051937404,10.965808ms
1621055537948,11.28751ms
1621059138496,11.094471ms
1621062739048,11.141725ms
1621066339596,11.069435ms
1621069940148,10.802666ms
1621073540696,10.895378ms
1621077141248,11.13944ms
1621080741800,11.755003ms
1621084342348,10.876907ms
1621087942896,10.604463ms
1621091543444,12.669206ms
1621095143996,11.117811ms
1621098744544,10.783836ms
1621102345096,10.985269ms
1621105945644,10.908508ms
1621109546196,11.031375ms
1621113146744,10.960944ms
1621116747292,11.029194ms
1621120347840,11.082584ms
1621123948392,11.083957ms
1621127548940,10.988939ms
1621131149492,10.796524ms
1621134750040,10.960093ms
1621138350588,11.039526ms
1621141951136,10.886066ms
1621145551684,10.935822ms
1621149152236,10.942975ms
1621152752785,11.133935ms
1621156353336,10.915637ms
1621159953884,10.712959ms
1621163554432,10.826251ms
1621167154980,10.589831ms
1621170755528,10.932191ms
1621174356076,10.673249ms
1621177956624,10.877093ms
1621181557172,11.081268ms
1621185157720,10.637231ms
1621188758269,10.954043ms
1621192358816,10.983245ms
1621195959364,10.945934ms
1621199559912,11.368467ms
1621203160460,10.884798ms
1621206761008,12.060878ms
1621210361556,10.88446ms
1621213962104,10.503336ms
1621217562652,11.042616ms
1621221163200,10.705046ms
1621224763748,11.547314ms
1621228364296,11.259465ms
1621231964844,10.739803ms
1621235565392,10.861892ms
1621239165944,11.282617ms
1621242766492,10.862737ms
1621246367040,10.968298ms
1621249967588,11.148838ms
1621253568136,10.958837ms
1621257168684,11.184384ms
1621260769232,13.885743ms
1621264369784,10.694193ms
1621267970336,10.892965ms
1621271570884,11.259138ms
1621275171432,11.065153ms
1621278771980,11.022688ms
1621282372528,11.263402ms
1621285973080,10.81017ms
1621289573628,10.870841ms
1621293174176,11.284358ms
1621296774724,11.01537ms
1621300375272,11.481044ms
1621303975820,11.125347ms
1621307576369,11.259974ms
1621311176921,10.885213ms
1621314777468,11.139514ms
1621318378012,10.718544ms
1621321978560,10.787017ms
1621325579108,11.119893ms
1621329179656,10.833844ms
1621332780204,11.208606ms
1621336380748,10.927061ms
1621339981292,11.587813ms
1621343581845,11.383941ms
1621347182396,14.170197ms
1621350782948,11.287411ms
1621354383496,10.962061ms
1621357984048,11.220556ms
1621361584600,11.212779ms
1621365185148,11.036989ms
1621368785696,11.033903ms
1621372386240,11.064639ms
1621375986788,11.261225ms
1621379587336,13.812255ms
1621383187888,10.922422ms
1621386788436,10.853361ms
1621390388980,10.747949ms
1621393989524,11.273548ms
1621397590076,10.89453ms
1621401190628,11.193846ms
1621404791176,11.056953ms
1621408391728,10.784846ms
1621411992280,11.017487ms
1621415592833,11.06339ms
1621419193384,11.725777ms
1621422793936,11.49504ms
1621426394488,10.690436ms
1621429995040,11.185751ms
1621433595592,10.782485ms
1621437196140,10.740178ms
1621440796688,11.858098ms
1621444397236,10.843712ms
1621447997788,11.167141ms
1621451598336,12.193508ms
1621455198888,10.966272ms
1621458799436,11.068046ms
1621462399980,12.060072ms
1621466000528,11.16256ms
1621469601072,149.05596ms
1621473201956,163.088531ms
1621476802800,218.85625ms
1621480403724,162.209507ms
1621484004568,226.896552ms
1621487605480,128.991823ms
1621491206428,135.202796ms
1621494807352,141.372251ms
1621498408220,170.523321ms
1621502009132,168.849723ms
1621505609956,140.173388ms
1621509210796,161.015799ms
1621512811740,161.275265ms
1621516412632,165.609266ms
1621520013528,165.121939ms
1621523614372,131.481653ms
1621527215240,143.066009ms
1621530816124,119.195956ms
1621534416936,156.747538ms
1621538017736,132.950167ms
1621541618616,183.459643ms
1621545219500,128.46955ms
1621548820268,126.608893ms
1621552421112,146.784215ms
1621556021976,141.291415ms
1621559622760,154.180142ms
1621563223568,174.170422ms
1621566824472,132.750619ms
1621570425256,176.812497ms
1621574026120,127.868208ms
1621577626888,185.666947ms
1621581227740,107.236164ms
1621584828572,121.42862ms
1621588429392,189.961992ms
1621592030248,129.532894ms
1621595631128,202.943534ms
1621599231980,116.330089ms
1621602832784,119.315679ms
1621606433720,132.657065ms
1621610034624,151.305253ms
1621613635548,93.069906ms
1621617236324,225.309171ms
1621620837225,148.673535ms
1621624438068,129.5812ms
1621628038868,181.617981ms
1621631639741,192.684656ms
1621635240696,181.42459ms
1621638841600,841.668921ms
1621642443192,211.599529ms
1621646044164,130.760052ms
1621649645052,184.595857ms
1621653246012,192.003548ms
1621656847100,121.694069ms
1621660447996,175.901389ms
1621664048916,216.233981ms
1621667649923,145.30456ms
1621671250832,201.312642ms
1621674851704,182.35005ms
1621678452700,183.844981ms
1621682053576,144.306613ms
1621685654576,180.922016ms
1621689255612,175.368637ms
1621692856500,129.869334ms
1621696457436,206.429174ms
1621700058324,134.161962ms
1621703659200,121.442931ms
1621707260060,111.823973ms
1621710860892,220.273109ms
1621714461880,142.678667ms
1621718062672,147.166474ms
1621721663472,180.85972ms
1621725264308,170.331942ms
1621728865176,127.77299ms
1621732466108,140.97749ms
1621736067016,132.989304ms
1621739667800,180.109505ms
1621743268764,146.652255ms
1621746869568,189.548835ms
1621750470412,177.736548ms
1621754071300,183.006499ms
1621757672128,132.906566ms
1621761272948,161.465776ms
1621764873780,176.310316ms
1621768474624,178.51301ms
1621772075448,156.638382ms
1621775676260,135.468455ms
1621779277072,134.191551ms
1621782877844,169.984569ms
1621786478712,178.951626ms
1621790079536,173.723354ms
1621793680364,161.201531ms
1621797281180,197.656223ms
1621800882036,188.01171ms
1621804482872,185.882749ms
1621808083748,189.363302ms
1621811684588,122.28795ms
1621815285412,196.970166ms
1621818886280,189.312306ms
1621822487188,134.655911ms
1621826087964,125.793592ms
1621829688820,191.282635ms
1621833289708,217.139324ms
1621836890640,185.040439ms
1621840491528,149.264051ms
1621844092328,160.201126ms
1621847693136,154.262167ms
1621851293976,178.879353ms
1621854894812,197.601588ms
1621858495660,149.023664ms
1621862096536,131.116601ms
1621865697372,166.827556ms
1621869298300,207.6829ms
1621872899228,186.011137ms
1621876500120,148.8231ms
1621880101080,219.656918ms
1621883702969,146.063983ms
1621887303860,120.456858ms
1621890904764,201.291172ms
1621894505800,152.979177ms
1621898106648,228.559509ms
1621901707640,148.380557ms
1621905308636,226.653177ms
1621908909724,272.426551ms
1621912510752,128.518357ms
1621916111600,237.654708ms
1621919712584,188.552159ms
1621923313440,218.35093ms
1621926914340,212.456267ms
1621930515388,135.020363ms
1621934116316,171.893455ms
1621937717172,187.90134ms
1621941318108,152.892401ms
1621944918924,136.785446ms
1621948519708,183.162507ms
1621952120544,141.470138ms
1621955721368,137.313164ms
1621959322268,208.459229ms
1621962923160,234.315001ms
1621966524192,211.869788ms
1621970125128,188.66269ms
1621973726040,165.150852ms
1621977326900,260.646108ms
1621980927996,212.784754ms
1621984528932,193.682287ms
1621988129852,190.308239ms
1621991730716,197.881621ms
1621995331592,154.141351ms
1621998932508,138.871892ms
1622002533360,161.10338ms
1622006134176,189.781409ms
1622009735060,208.139962ms
1622013335964,115.694119ms
1622016936780,142.30669ms
1622020537592,188.694787ms
1622024138556,174.653326ms
1622027739372,195.079565ms
1622031340232,167.06368ms
1622034941060,202.398701ms
1622038542000,166.242594ms
1622042142840,108.249922ms
1622045743648,157.854611ms
1622049344480,150.28181ms
1622052945372,139.067735ms
1622056546264,125.5358ms
1622060147096,122.280822ms
1622063747864,180.672624ms
1622067348704,276.580782ms
1622070949728,181.454296ms
1622074550652,144.122693ms
1622078151588,184.033171ms
1622081752440,172.052324ms
1622085353304,156.963373ms
1622088954200,132.983921ms
1622092555064,161.705953ms
1622096155896,143.255016ms
1622099756700,190.758236ms
1622103357636,160.905811ms
1622106958440,176.235935ms
1622110559388,194.715116ms
1622114160240,204.780769ms
1622117761168,176.330891ms
1622121362100,192.038316ms
1622124963016,208.698337ms
1622128563900,102.221979ms
1622132164720,176.914028ms
1622135765584,225.509313ms
1622139366524,208.896442ms
1622142967420,207.721506ms
1622146568304,218.591544ms
1622150169200,157.270594ms
1622153770056,165.289184ms
1622157370892,164.184549ms
1622160971788,136.038154ms
1622164572696,203.23977ms
1622168173548,178.817849ms
1622171774404,146.229949ms
1622175375208,192.957837ms
1622178976096,200.143072ms
1622182577048,196.305353ms
1622186177960,240.383534ms
1622189778909,197.282243ms
1622193379776,132.737961ms
1622196980624,220.567181ms
1622200581500,158.559476ms
1622204182320,183.121201ms
1622207783356,174.957819ms
1622211384184,195.292931ms
1622214985100,149.94913ms
1622218586012,166.000216ms
1622222186836,179.977101ms
1622225787822,204.933381ms
1622229388712,133.330272ms
1622232989624,132.783619ms
1622236590396,157.610978ms
1622240191416,136.429928ms
1622243792312,189.053447ms
1622247393180,187.229037ms
1622250994044,152.825732ms
1622254594852,164.632516ms
1622258195692,195.190679ms
1622261796544,100.312888ms
1622265397332,132.353549ms
1622268998156,155.734465ms
1622272599012,205.815632ms
1622276199868,147.7078ms
1622279800740,187.79614ms
1622283401616,166.070536ms
1622287002588,157.109222ms
1622290603416,181.010801ms
1622294204248,180.551592ms
1622297805124,199.521487ms
1622301406036,174.881145ms
1622305006968,127.58643ms
1622308607868,163.478655ms
1622312208676,182.154151ms
1622315809508,176.347586ms
1622319410340,156.322084ms
1622323011156,170.942488ms
1622326611976,139.63334ms
1622330212776,151.887964ms
1622333813624,163.87951ms
1622337414480,178.016892ms
1622341015348,172.236881ms
1622344616172,191.79535ms
1622348217016,160.298314ms
1622351817968,217.011525ms
1622355418972,174.32217ms
1622359019828,144.763208ms
1622362620656,157.907536ms
1622366221497,141.854804ms
1622369822688,249.332183ms
1622373423804,157.863329ms
1622377024632,134.349925ms
1622380625532,192.828777ms
1622384226400,265.62692ms
1622387827456,240.166025ms
1622391428432,196.128962ms
1622395029316,220.124962ms
1622398630216,135.422718ms
1622402231196,184.259531ms
1622405832084,186.577924ms
1622409432964,142.307921ms
1622413033796,178.102375ms
1622416634632,172.678696ms
1622420235528,217.631609ms
1622423836464,176.526417ms
1622427437288,122.420114ms
1622431038168,191.910359ms
1622434639072,194.922826ms
1622438239960,194.107585ms
1622441840832,141.697465ms
1622445441720,121.484351ms
1622449042588,191.728427ms
1622452643548,155.910496ms
1622456244356,171.097863ms
1622459845304,179.635969ms
1622463446168,150.656552ms
1622467046972,162.696435ms
1622470647808,185.522024ms
1622474248668,116.016307ms
1622477849464,129.783518ms
1622481450316,130.506918ms
1622485051192,206.663939ms
1622488652104,210.343955ms
1622492253012,225.897326ms
1622495853944,168.566976ms
1622499454772,150.168421ms
1622503055740,117.923654ms
1622506656572,157.339919ms
1622510257500,187.431367ms
1622513858352,158.616745ms
1622517459168,110.551305ms
1622521060016,117.445557ms
1622524660892,179.770497ms
1622528261948,236.897567ms
1622531862848,188.452804ms
1622535463696,169.483782ms
1622539064648,180.084845ms
1622542665512,175.714552ms
1622546266364,176.871891ms
1622549867200,127.28044ms
1622553468092,169.241786ms
1622557068920,163.654991ms
1622560669720,163.292668ms
1622564270532,203.841207ms
1622567871416,146.913553ms
1622571472316,123.898676ms
1622575073188,184.269391ms
1622578674052,167.920954ms
1622582274904,131.325244ms
1622585875772,174.226904ms
1622589476664,108.302866ms
1622593077520,198.861119ms
1622596678416,148.558223ms
1622600279220,131.227949ms
1622603880104,167.314509ms
1622607480960,132.880147ms
1622611081889,290.29662ms
1622614683088,194.182265ms
1622618283976,160.181272ms
1622621884956,138.959442ms
1622625485812,213.309431ms
1622629086684,163.636448ms
1622632687553,158.421729ms
1622636288384,175.635121ms
1622639889436,193.597697ms
1622643490320,208.45683ms
1622647091196,152.015805ms
1622650692092,138.267686ms
1622654292872,153.435604ms
1622657893687,174.135245ms
1622661494544,173.639139ms
1622665095376,197.875099ms
1622668696268,167.036881ms
1622672297100,127.777575ms
1622675897868,165.180652ms
1622679498808,122.536951ms
1622683099688,160.245114ms
1622686700484,174.707018ms
1622690301324,204.519295ms
1622693902268,151.026427ms
1622697503160,141.430937ms
1622701104136,228.479658ms
1622704705144,163.075665ms
1622708305980,164.443207ms
1622711906948,160.875778ms
1622715507868,146.902014ms
1622719108652,105.84258ms
1622722709500,146.298658ms
1622726310312,163.933583ms
1622729911140,181.834258ms
1622733512060,211.84517ms
1622737112980,153.711746ms
1622740713788,177.906424ms
1622744314624,197.509365ms
1622747915524,191.600009ms
1622751516428,220.038132ms
1622755117312,168.233256ms
1622758718128,145.304034ms
1622762318965,162.652398ms
1622765919860,157.027174ms
1622769520684,118.691992ms
1622773121660,167.839644ms
1622776722616,182.606467ms
1622780323476,187.029635ms
1622783924344,179.809793ms
1622787525156,130.527976ms
1622791125976,196.952468ms
1622794726832,162.315028ms
1622798327632,184.906427ms
1622801928472,107.02997ms
1622805529272,154.542285ms
1622809130080,173.903212ms
1622812730948,163.332532ms
1622816331840,183.185833ms
1622819932720,203.691051ms
1622823533628,207.469239ms
1622827134492,165.139189ms
1622830735348,199.877406ms
1622834336260,159.450743ms
1622837937060,147.628975ms
1622841537948,198.617014ms
1622845138792,181.031661ms
1622848739660,162.267276ms
1622852340636,150.316582ms
1622855941541,227.269855ms
1622859542488,148.617215ms
1622863143372,194.417771ms
1622866744272,184.68338ms
1622870345436,209.777598ms
1622873946488,263.860655ms
1622877547520,132.348324ms
1622881148408,118.864755ms
1622884749308,213.599158ms
1622888350240,172.910802ms
1622891951204,174.815542ms
1622895552044,210.658276ms
1622899152996,168.149078ms
1622902753884,173.655066ms
1622906354744,138.018018ms
1622909955588,178.19347ms
1622913556504,128.106743ms
1622917157284,129.421104ms
1622920758112,150.922545ms
1622924358972,148.544478ms
1622927959832,131.251648ms
1622931560604,147.50008ms
1622935161396,154.993031ms
1622938762296,170.569334ms
1622942363140,106.877065ms
1622945963992,168.619345ms
1622949564852,132.125911ms
1622953165672,272.518053ms
1622956766652,155.602885ms
1622960367540,151.334847ms
1622963968332,171.402693ms
1622967569164,193.588073ms
1622971170029,183.842572ms
1622974770916,128.591048ms
1622978371768,181.865246ms
1622981972668,111.76801ms
1622985573532,183.440982ms
1622989174368,112.821523ms
1622992775228,205.572497ms
1622996376144,172.43928ms
1622999976996,188.572439ms
1623003577876,152.345467ms
1623007178724,150.29461ms
1623010779544,141.295643ms
1623014380444,182.453681ms
1623017981276,160.320145ms
1623021582084,102.321446ms
1623025182888,146.948468ms
1623028783688,172.600025ms
1623032384512,113.786755ms
1623035985400,139.907554ms
1623039586300,151.20211ms
1623043187144,202.670312ms
1623046788048,127.939261ms
1623050388824,109.402701ms
1623053989620,212.518925ms
1623057590496,213.157196ms
1623061191444,144.668882ms
1623064792317,134.012993ms
1623068393276,188.620713ms
1623071994108,127.57506ms
1623075594880,132.6409ms
1623079195656,197.290006ms
1623082796552,193.079432ms
1623086397392,200.523236ms
1623089998261,161.08727ms
1623093599136,191.880154ms
1623097200004,235.478494ms
1623100800896,246.1199ms
1623104403104,161.371948ms
1623108004146,169.552448ms
1623111605155,145.768513ms
1623115206192,175.213002ms
1623118807132,173.301399ms
1623122408016,174.132576ms
1623126008884,149.151307ms
1623129609729,172.89207ms
1623133210705,114.404139ms
1623136811529,182.1781ms
1623140412401,171.855713ms
1623144013216,169.522021ms
1623147614236,178.022574ms
1623151215092,172.912348ms
1623154816000,180.123061ms
1623158416892,204.538113ms
1623162017801,106.147785ms
1623165618652,155.362001ms
1623169219473,209.617643ms
1623172820392,192.312314ms
1623176421257,140.580253ms
1623180022168,107.958699ms
1623183623008,192.208067ms
1623187223916,222.846289ms
1623190824860,157.27434ms
1623194425776,143.881774ms
1623198026780,172.367663ms
1623201627676,184.12722ms
1623205228616,189.7941ms
1623208829508,197.113503ms
1623212430380,125.359678ms
1623216031236,151.499671ms
1623219632056,132.610204ms
1623223232961,132.863871ms
1623226833885,172.756168ms
1623230434732,118.148237ms
1623234035612,124.645109ms
1623237636436,193.848137ms
1623241237328,141.661925ms
1623244838268,165.103582ms
1623248439132,207.829567ms
1623252040032,136.91075ms
1623255640956,146.120818ms
1623259241912,169.744887ms
1623262842744,183.256959ms
1623266443640,146.27005ms
1623270044437,133.703698ms
1623273645220,187.180847ms
1623277246080,175.179205ms
1623280846896,176.798936ms
1623284447716,180.830745ms
1623288048541,185.122805ms
1623291649532,188.699615ms
1623295250496,165.081579ms
1623298851332,214.671152ms
1623302452264,113.598288ms
1623306053116,169.334858ms
1623309653940,128.778969ms
1623313254764,203.687873ms
1623316855680,107.564603ms
1623320456480,156.843995ms
1623324057356,275.533176ms
1623327658588,186.834851ms
1623331259452,157.646052ms
1623334860444,184.901713ms
1623338461532,275.638709ms
1623342062704,215.539135ms
1623345663836,318.4648ms
1623349264864,151.547176ms
1623352865808,181.603655ms
1623356466652,160.681207ms
1623360067612,215.293386ms
1623363668560,133.00933ms
1623367269452,171.564153ms
1623370870396,206.338019ms
1623374471284,160.007724ms
1623378072116,184.551138ms
1623381673020,150.453042ms
1623385273848,171.345764ms
1623388874688,241.144919ms
1623392475716,226.278685ms
1623396076836,313.680499ms
1623399678004,138.906263ms
1623403278900,168.330733ms
1623406879720,114.822595ms
1623410480604,161.146803ms
1623414081507,199.812841ms
1623417682400,164.481796ms
1623421283388,155.435914ms
1623424884228,159.588976ms
1623428485048,183.884187ms
1623432085948,166.615369ms
1623435686876,156.319064ms
1623439287788,240.326266ms
1623442888754,154.789591ms
1623446489640,206.564029ms
1623450090564,156.390395ms
1623453691372,190.705917ms
1623457292256,155.623728ms
1623460893100,174.558783ms
1623464493940,180.673971ms
1623468094828,190.747484ms
1623471695720,164.978502ms
1623475296604,136.225143ms
1623478897428,118.703722ms
1623482498265,189.922191ms
1623486099160,149.50891ms
1623489699972,129.667556ms
1623493300892,156.288118ms
1623496901720,231.994807ms
1623500502656,134.064399ms
1623504103516,147.248749ms
1623507704304,133.554798ms
1623511305244,187.148662ms
1623514906120,122.588541ms
1623518506984,171.910931ms
1623522107824,174.311467ms
1623525708732,135.615978ms
1623529309628,125.042304ms
1623532910484,144.881085ms
1623536511284,146.251794ms
1623540112252,192.881429ms
1623543713132,153.065127ms
1623547313984,110.068666ms
1623550914796,185.991586ms
1623554515648,184.175221ms
1623558116528,153.970162ms
1623561717436,136.584147ms
1623565318396,104.530275ms
1623568919220,147.390381ms
1623572520024,145.03868ms
1623576120956,198.123589ms
1623579721890,166.615205ms
1623583322852,169.834156ms
1623586923736,232.477959ms
1623590524692,178.598428ms
1623594125552,138.986064ms
1623597726420,231.681889ms
1623601327384,188.525124ms
1623604928260,122.998013ms
1623608529148,216.273994ms
1623612130200,138.114474ms
1623615730988,168.275486ms
1623619331964,170.809823ms
1623622932852,156.978409ms
1623626533884,214.504093ms
1623630134908,151.485254ms
1623633735696,182.693415ms
1623637336560,138.129573ms
1623640937500,169.859801ms
1623644538324,135.637155ms
1623648139104,151.721499ms
1623651739964,130.229861ms
1623655340736,155.658006ms
1623658941564,120.701852ms
1623662542376,139.596373ms
1623666143228,195.558506ms
1623669744136,152.437784ms
1623673344956,134.934985ms
1623676945736,176.106653ms
1623680546560,146.559636ms
1623684147516,160.208241ms
1623687748476,152.695165ms
1623691349328,156.569691ms
1623694950133,152.473242ms
1623698550976,166.190059ms
1623702151852,187.706207ms
1623705752708,192.356973ms
1623709353556,155.434482ms
1623712954416,171.551799ms
1623716555232,181.596196ms
1623720156172,93.431358ms
1623723756972,176.146617ms
1623727357824,179.910052ms
1623730958644,182.695774ms
1623734559488,151.728425ms
1623738160280,160.585559ms
1623741761168,169.780102ms
1623745362016,129.409952ms
1623748962940,188.681713ms
1623752563788,155.523361ms
1623756164616,108.96646ms
1623759765468,126.78174ms
1623763366364,174.21034ms
1623766967192,158.227557ms
1623770568040,207.26276ms
1623774169024,138.324674ms
1623777769864,176.327506ms
1623781370732,124.90403ms
1623784971608,135.806797ms
1623788572416,185.852265ms
1623792173256,195.461436ms
1623795774120,155.555905ms
1623799374956,149.680931ms
1623802975792,196.917121ms
1623806576668,207.647795ms
1623810177536,184.282959ms
1623813778412,173.874339ms
1623817379292,120.095363ms
1623820980100,180.587582ms
1623824581052,142.932122ms
1623828181938,153.138207ms
1623831782804,116.297318ms
1623835383644,178.551323ms
1623838984688,202.653169ms
1623842585620,122.358075ms
1623846186524,181.789613ms
1623849787392,118.99921ms
1623853388292,172.150297ms
1623856989092,186.693594ms
1623860589988,155.944219ms
1623864190804,177.890171ms
1623867791644,177.781424ms
1623871392532,155.126688ms
1623874993420,177.24448ms
1623878594308,166.06847ms
1623882195216,167.780421ms
1623885796156,144.984ms
1623889396982,199.421541ms
1623892997952,192.929597ms
1623896598804,171.561089ms
1623900199643,152.732852ms
1623903800505,212.147464ms
1623907401420,130.918584ms
1623911002264,203.397168ms
1623914603272,182.692048ms
1623918204168,155.130278ms
1623921804980,119.51212ms
1623925405808,120.263806ms
1623929006636,185.8177ms
1623932607524,134.692912ms
1623936208388,113.281424ms
1623939809204,189.864987ms
1623943410085,173.297239ms
1623947011068,220.727645ms
1623950612000,223.444949ms
1623954212876,192.241003ms
1623957813776,177.572524ms
1623961414616,159.266602ms
1623965015484,148.519947ms
1623968616292,120.351338ms
1623972217220,129.002244ms
1623975818114,127.021003ms
1623979418972,194.463387ms
1623983019836,131.238741ms
1623986620648,200.20067ms
1623990221528,171.006563ms
1623993822428,129.685569ms
1623997423196,166.323915ms
1624001024088,165.183424ms
1624004624920,161.823822ms
1624008225800,196.206549ms
1624011826652,138.216447ms
1624015427544,171.298469ms
1624019028384,192.471576ms
1624022629308,168.542104ms
1624026230196,159.758243ms
1624029831048,184.10932ms
1624033431928,213.561268ms
1624037032820,167.229663ms
1624040633660,199.622598ms
1624044234524,140.978438ms
1624047835308,187.153624ms
1624051436188,175.154514ms
1624055037012,168.161958ms
1624058637832,172.693283ms
1624062238716,111.266239ms
1624065839580,146.780452ms
1624069440468,264.769941ms
1624073041445,165.139263ms
1624076642404,168.69364ms
1624080243412,185.879204ms
1624083844292,152.91878ms
1624087445152,146.368877ms
1624091045956,150.696964ms
1624094646792,122.927566ms
1624098247636,208.235863ms
1624101848764,177.602885ms
1624105449820,204.249934ms
1624109050696,220.547591ms
1624112651600,529.591163ms
1624116253028,137.223634ms
1624119853888,138.08058ms
1624123454788,158.244696ms
1624127055596,188.395007ms
1624130656444,175.268345ms
1624134257312,188.769263ms
1624137858296,156.204579ms
1624141459112,136.761929ms
1624145060088,127.763159ms
1624148660908,205.936554ms
1624152261792,233.202058ms
1624155862732,154.845303ms
1624159463564,132.589945ms
1624163064401,169.443321ms
1624166665212,167.196534ms
1624170266061,181.420909ms
1624173866904,160.658056ms
1624177467716,124.199955ms
1624181068636,157.135583ms
1624184669564,176.764896ms
1624188270424,163.950927ms
1624191871356,163.210381ms
1624195472180,142.602131ms
1624199073004,196.984676ms
1624202673876,204.991993ms
1624206274820,188.944892ms
1624209875688,249.581223ms
1624213476632,201.990259ms
1624217077508,171.838807ms
1624220678380,109.931865ms
1624224279252,158.971542ms
1624227880063,118.179081ms
1624231480868,315.61687ms
1624235081880,146.62409ms
1624238682748,162.891521ms
1624242283636,215.098353ms
1624245884540,171.084524ms
1624249485433,148.315719ms
1624253086224,124.463921ms
1624256687132,173.194822ms
1624260287972,196.479974ms
1624263888864,196.711384ms
1624267489784,162.267486ms
1624271090616,179.458808ms
1624274691704,252.287438ms
1624278292608,184.027419ms
1624281893440,168.065069ms
1624285494364,111.233943ms
1624289095228,130.361602ms
1624292696112,130.46145ms
1624296296964,193.813148ms
1624299897860,159.441907ms
1624303498700,153.637516ms
1624307099612,195.217379ms
1624310700632,195.596278ms
1624314301555,171.415615ms
1624317902576,199.700395ms
1624321503500,323.381628ms
1624325104524,259.562267ms
1624328705527,174.718838ms
1624332306520,200.424788ms
1624335907416,251.977968ms
1624339508496,173.471136ms
1624343109352,168.741014ms
1624346710288,239.285081ms
1624350311264,157.664206ms
1624353912240,134.214397ms
1624357513176,154.930376ms
1624361113988,150.256352ms
1624364714892,153.415632ms
1624368315696,154.936585ms
1624371916580,154.691316ms
1624375517396,125.147935ms
1624379118264,159.668645ms
1624382719184,171.505995ms
1624386320013,158.224368ms
1624389920820,214.309357ms
1624393521888,230.915748ms
1624397122968,203.452793ms
1624400723880,132.024777ms
1624404324824,137.283852ms
1624407925724,132.418158ms
1624411526620,156.28225ms
1624415127516,163.206506ms
1624418728408,119.521063ms
1624422329212,135.237796ms
1624425930104,116.024085ms
1624429530968,157.734146ms
1624433131816,129.009847ms
1624436732580,135.5568ms
1624440333528,127.912486ms
1624443934392,211.479363ms
1624447535316,114.021779ms
1624451136184,146.219657ms
1624454736980,200.746736ms
1624458337884,108.145603ms
1624461938696,162.62582ms
1624465539512,156.506907ms
1624469140320,159.546477ms
1624472741176,121.463566ms
1624476342020,174.558917ms
1624479943032,131.280494ms
1624483543816,187.534268ms
1624487144712,114.561865ms
1624490745528,184.036577ms
1624494346388,134.058485ms
1624497947228,109.738979ms
1624501548053,165.580669ms
1624505148940,162.109232ms
1624508749916,189.542852ms
1624512350760,221.658294ms
1624515951696,161.937263ms
1624519552500,184.444016ms
1624523153340,155.175537ms
1624526754144,279.094652ms
1624530355080,156.730453ms
1624533956024,101.101681ms
1624537556888,183.22153ms
1624541157760,188.252235ms
1624544758620,198.199961ms
1624548359512,147.161398ms
1624551960316,208.941141ms
1624555561172,198.40098ms
1624559162272,204.806016ms
1624562763224,193.590292ms
1624566364084,193.455023ms
1624569965036,221.75386ms
1624573565984,150.246624ms
1624577166904,166.360697ms
1624580767806,141.040502ms
1624584368868,152.579743ms
1624587969848,204.789774ms
1624591570956,164.955788ms
1624595171776,174.934459ms
1624598772616,188.509204ms
1624602373490,212.959225ms
1624605974524,159.759748ms
1624609575352,124.419146ms
1624613176224,211.583582ms
1624616777104,160.80523ms
1624620377928,198.352946ms
1624623978788,164.446788ms
1624627579628,114.959485ms
1624631180424,154.738626ms
1624634781372,168.801494ms
1624638382176,142.294618ms
1624641983164,177.96519ms
1624645584152,137.314416ms
1624649184992,177.841556ms
1624652785816,122.380204ms
1624656386716,116.037119ms
1624659987584,168.484762ms
1624663588568,177.088869ms
1624667189500,174.579939ms
1624670790404,177.907112ms
1624674391288,196.189378ms
1624677992140,191.708232ms
1624681592976,119.002975ms
1624685193800,150.478523ms
1624688794768,172.56111ms
1624692395620,176.873127ms
1624695996448,145.801219ms
1624699597276,151.95206ms
1624703198084,150.501961ms
1624706798888,172.786548ms
1624710400161,146.750507ms
1624714001004,182.860102ms
1624717601888,135.971012ms
1624721202776,194.731103ms
1624724803612,173.75854ms
1624728404436,147.784151ms
1624732005284,185.473306ms
1624735606152,187.237422ms
1624739206988,137.968645ms
1624742807788,148.19849ms
1624746408668,148.72308ms
1624750009532,161.7776ms
1624753610356,201.830666ms
1624757211328,206.904405ms
1624760812240,150.16919ms
1624764413044,156.774886ms
1624768013948,155.157706ms
1624771614760,145.168478ms
1624775215560,162.259272ms
1624778816380,186.299942ms
1624782417216,161.58892ms
1624786018172,180.402256ms
1624789619012,114.293677ms
1624793219872,229.385819ms
1624796820764,202.769674ms
1624800421636,166.764416ms
1624804022588,202.403577ms
1624807623600,170.978393ms
1624811224604,148.817515ms
1624814825404,206.177869ms
1624818426332,165.206519ms
1624822027260,174.165027ms
1624825628100,308.935591ms
1624829229100,123.528339ms
1624832829956,232.789773ms
1624836430856,147.271108ms
1624840031684,157.374829ms
1624843632533,180.208744ms
1624847233356,142.181834ms
1624850834192,128.880577ms
1624854435048,202.207666ms
1624858035944,136.764609ms
1624861636780,164.023736ms
1624865237600,148.66446ms
1624868838408,191.976413ms
1624872439296,139.80587ms
1624876040156,160.411243ms
1624879640976,175.073848ms
1624883241812,133.275327ms
1624886842716,183.03519ms
1624890443584,135.283969ms
1624894044540,191.29948ms
1624897645428,113.824838ms
1624901246224,209.216304ms
1624904847080,141.589633ms
1624908447928,195.094408ms
1624912048808,126.238644ms
1624915649648,150.561499ms
1624919250492,188.670818ms
1624922851360,184.20582ms
1624926452284,183.672345ms
1624930053128,152.669389ms
1624933653920,172.435023ms
1624937254812,202.760085ms
1624940855668,180.892175ms
1624944456604,153.616643ms
1624948057412,190.053586ms
1624951658284,182.423642ms
1624955259140,183.450719ms
1624958859980,191.983218ms
1624962460860,178.765206ms
1624966061820,147.95785ms
1624969662616,188.552913ms
1624973263460,172.37279ms
1624976864476,138.573064ms
1624980465304,145.404347ms
1624984066092,190.478311ms
1624987666940,128.824175ms
1624991267772,132.700756ms
1624994868572,206.882891ms
1624998469448,212.732518ms
1625002070312,108.668585ms
1625005671192,193.900794ms
1625009272084,168.471967ms
1625012872904,164.233123ms
1625016473708,145.531369ms
1625020074552,175.029736ms
1625023675404,137.492507ms
1625027276351,181.150028ms
1625030877320,190.344699ms
1625034478196,187.280157ms
1625038079080,199.838781ms
1625041679941,175.736295ms
1625045280868,185.931888ms
1625048881809,347.928419ms
1625052482848,168.90534ms
1625056083828,189.91509ms
1625059684724,146.939585ms
1625063285576,181.084879ms
1625066886684,185.630823ms
1625070487620,193.588832ms
1625074088504,120.477688ms
1625077689352,172.011082ms
1625081290192,178.859872ms
1625084891228,183.913622ms
1625088492080,197.039968ms
1625092092968,127.778085ms
1625095693860,184.073235ms
1625099294780,140.656295ms
1625102895656,109.443618ms
1625106496456,135.25844ms
1625110097309,130.883745ms
1625113698176,166.853209ms
1625117299000,182.687989ms
1625120899840,177.338601ms
1625124500676,178.07076ms
1625128101588,196.164052ms
1625131702488,181.783499ms
1625135303348,195.403039ms
1625138904248,209.092566ms
1625142505184,143.147869ms
1625146105980,170.414462ms
1625149706876,199.741592ms
1625153307872,211.792523ms
1625156908752,183.074108ms
1625160509580,131.979522ms
1625164110397,176.775478ms
1625167711228,180.12099ms
1625171312100,210.857053ms
1625174913020,123.810392ms
1625178513832,95.541388ms
1625182114616,172.503766ms
1625185715449,203.453721ms
1625189316352,206.055145ms
1625192917228,195.139829ms
1625196518125,206.117619ms
1625200119005,173.532963ms
1625203719901,147.46439ms
1625207320764,216.459897ms
1625210921668,222.280406ms
1625214522652,149.981108ms
1625218123440,276.109344ms
1625221724372,113.121577ms
1625225325244,161.612044ms
1625228926056,186.480011ms
1625232526900,179.517507ms
1625236127776,124.119823ms
1625239728584,157.263683ms
1625243329400,211.903798ms
1625246930300,148.644728ms
1625250531092,160.034115ms
1625254132076,146.661451ms
1625257732956,151.286939ms
1625261333772,165.30203ms
1625264934652,143.060923ms
1625268535472,181.70302ms
1625272136300,192.582518ms
1625275737144,190.147072ms
1625279337996,164.366808ms
1625282938808,128.415674ms
1625286539708,162.458862ms
1625290140668,160.498137ms
1625293741508,283.163017ms
1625297342796,175.929873ms
1625300943768,148.765138ms
1625304544572,169.605729ms
1625308145500,137.886326ms
1625311746416,136.12815ms
1625315347320,147.247105ms
1625318948412,109.497197ms
1625322549308,178.709752ms
1625326150144,168.18697ms
1625329750964,176.475504ms
1625333351800,115.512054ms
1625336952612,185.951969ms
1625340553532,166.736131ms
1625344154352,166.885811ms
1625347755188,162.339933ms
1625351356156,166.450061ms
1625354957032,182.094511ms
1625358557884,177.57599ms
1625362158744,162.323299ms
1625365759564,133.776539ms
1625369360448,195.452705ms
1625372961340,146.560037ms
1625376562184,140.597657ms
1625380163132,135.979451ms
1625383764056,141.319432ms
1625387364848,186.695814ms
1625390965744,169.028087ms
1625394566588,186.938348ms
1625398167480,126.648041ms
1625401768301,134.914138ms
1625405369244,158.471505ms
1625408970144,159.863337ms
1625412570972,184.152575ms
1625416171932,263.891022ms
1625419772944,128.85824ms
1625423373892,161.374787ms
